{
  "metadata": {
    "timestamp": "2026-02-01T13:19:59.603030164+00:00",
    "lophi_version": "0.1.0",
    "input_file": "/home/neelsbester/lo-phi/docs/examples/synthetic_data.csv",
    "target_column": "target",
    "binning_strategy": "cart",
    "num_bins": 10,
    "gini_threshold": 0.05,
    "min_category_samples": 5,
    "cart_min_bin_pct": 5.0
  },
  "summary": {
    "total_features_analyzed": 4,
    "numeric_features": 2,
    "categorical_features": 2,
    "features_dropped": 1,
    "features_kept": 3,
    "avg_iv": 3.6378791030759956,
    "avg_gini": 0.703125
  },
  "features": [
    {
      "feature_name": "income",
      "feature_type": "Numeric",
      "bins": [
        {
          "lower_bound": 12000.0,
          "upper_bound": 40000.0,
          "events": 8.0,
          "non_events": -0.0,
          "woe": 3.2188758248682006,
          "iv_contribution": 3.0901207918734723,
          "count": 8.0,
          "population_pct": 40.0,
          "event_rate": 1.0
        },
        {
          "lower_bound": 40000.0,
          "upper_bound": null,
          "events": -0.0,
          "non_events": 12.0,
          "woe": -2.833213344056216,
          "iv_contribution": 2.6665537355823212,
          "count": 12.0,
          "population_pct": 60.0,
          "event_rate": -0.0
        }
      ],
      "iv": 5.756674527455793,
      "gini": 1.0,
      "dropped": false
    },
    {
      "feature_name": "age",
      "feature_type": "Numeric",
      "bins": [
        {
          "lower_bound": 20.0,
          "upper_bound": 32.0,
          "events": 8.0,
          "non_events": -0.0,
          "woe": 3.2188758248682006,
          "iv_contribution": 3.0901207918734723,
          "count": 8.0,
          "population_pct": 40.0,
          "event_rate": 1.0
        },
        {
          "lower_bound": 32.0,
          "upper_bound": null,
          "events": -0.0,
          "non_events": 12.0,
          "woe": -2.833213344056216,
          "iv_contribution": 2.6665537355823212,
          "count": 12.0,
          "population_pct": 60.0,
          "event_rate": -0.0
        }
      ],
      "iv": 5.756674527455793,
      "gini": 1.0,
      "dropped": false
    },
    {
      "feature_name": "employment",
      "feature_type": "Categorical",
      "categories": [
        {
          "categories": [
            "employed"
          ],
          "events": 1.0,
          "non_events": 9.0,
          "woe": -1.460164209686346,
          "iv_contribution": 0.8520487623581502,
          "count": 10.0,
          "population_pct": 50.0,
          "event_rate": 0.1
        },
        {
          "category": "OTHER",
          "events": 1.0,
          "non_events": 3.0,
          "woe": -0.461635379575219,
          "iv_contribution": 0.04779283929719915,
          "count": 4.0,
          "population_pct": 20.0,
          "event_rate": 0.25
        },
        {
          "categories": [
            "unemployed"
          ],
          "events": 6.0,
          "non_events": 0.0,
          "woe": 2.9506118382735216,
          "iv_contribution": 2.138325755737046,
          "count": 6.0,
          "population_pct": 30.0,
          "event_rate": 1.0
        }
      ],
      "iv": 3.0381673573923953,
      "gini": 0.8125,
      "dropped": false
    },
    {
      "feature_name": "region",
      "feature_type": "Categorical",
      "categories": [
        {
          "categories": [
            "east",
            "north",
            "south",
            "west"
          ],
          "events": 8.0,
          "non_events": 12.0,
          "woe": 0.0,
          "iv_contribution": 0.0,
          "count": 20.0,
          "population_pct": 100.0,
          "event_rate": 0.4
        }
      ],
      "iv": 0.0,
      "gini": 0.0,
      "dropped": true
    }
  ]
}